Name,Latitude,Longitude,Category,County,Bedrock,Precision,Role
Logan (crew home base),39.5403,-82.4071,Logan home base,Hocking,—,exact,Operational center — Justin's Hocking Hills Adventure Trek & Lutra Adventures HQ. Strongest geographic anchor in the dossier.
Rock House,39.4983,-82.6171,Hocking core cluster,Hocking,Black Hand Sandstone,exact,"Hocking core cluster (also Saltpetre Cave, Old Man's Pantry, Surprise/Annex/Three-Hole arches). Type-site 'rock house' recess cave."
Rockbridge,39.5663,-82.4994,Hocking core cluster,Hocking,Black Hand Sandstone,exact,Ohio's longest natural bridge (92 ft); north end of the corridor.
Balcony Natural Bridge,39.4283,-82.5656,Hocking core cluster,Hocking,Black Hand Sandstone,exact,Hocking cluster.
Unger Hollow Arch,39.4542,-82.5454,Hocking core cluster,Hocking,Black Hand Sandstone,exact,Hocking cluster.
Old Man's Pantry,39.4350,-82.5404,Hocking core cluster,Hocking,Black Hand Sandstone,exact,Hocking cluster.
Lake Katharine,39.0833,-82.6715,Southern reach,Jackson,Sharon Formation,exact,"Southern reach (Lake Katharine Arch, Peephole Arch)."
Irish Run Natural Bridge,39.5144,-81.1808,Episode-7 river candidate,Washington,Permian sandstone,exact,STRONGEST Episode-7 candidate — arch + 'the Great Cave' on one Wayne NF (Archers Fork) trail. Matches the honeycombed-cliffside labyrinth.
Ladd Natural Bridge,39.3117,-81.8196,Episode-7 river candidate,Washington,Permian sandstone,exact,River-country arch belt (permit-only).
Raven Rock,38.7187,-83.0547,Episode-7 river candidate,Scioto,Mississippian sandstone,exact,Alternate Episode-7 candidate (bluff 500 ft above the Ohio River).
Fort Hill (Natural Y / Keyhole / Spring Creek),39.1230,-83.3961,Fort Hill SW-karst alternative,Highland,Peebles Dolomite,exact,SW karst ALTERNATIVE for the wet caves (7 arches in Baker Fork gorge). Lower-probability hypothesis.
Trimmer Arch,39.34,-83.10,Approx. corridor arch,Ross,Greenfield Dolomite,approx,Western edge of the corridor (exact location withheld / permit). County-level approximation.
Mineral / Mustapha Island Bridge,39.32,-81.90,Approx. corridor arch,Athens,sandstone,approx,Athens-county arches (Mustapha Is. on OH-124). County/landmark approximation.
Shoemaker / Eagle Township lead,39.37,-82.58,Shoemaker / Eagle-Twp lead,Vinton,Black Hand Sandstone,approx,"'E. Shoemaker / 1869' signature lead. Eagle Twp = NW corner of Vinton, on the Hocking–Ross–Vinton tri-corner just south of Logan. The live lead — test with the 1875 plat maps."
Thompson Ledges caves,41.6870,-81.0443,OCS: NE Sharon Conglomerate,Geauga,Sharon Conglomerate,exact,"Public ledges; fracture/slump-block caves: Thompson Ledges (Dead Man's, 44 ft), Right Angle, Frank's Crawl, Dead Dog, Sidley's Talus II."
Ansel's Cave / Little Bear Cave — The West Woods,41.4593,-81.2988,OCS: NE Sharon Conglomerate,Geauga,Sharon Conglomerate,landmark,"Ansel's Cave = a Sharon-Conglomerate rock-shelter/gorge with a ~20-ft waterfall (NOT a true cave); Little Bear Cave = a public ~20-ft fissure nearby. Relocated 2026-07-02 from a wrong point ~1 mi S (41.443,-81.298). Src: OCS Under Ohio v3i2 (2025)."
Ansel's Real Cave — The West Woods,41.4608,-81.2952,OCS: NE Sharon Conglomerate,Geauga,Sharon Conglomerate,undisclosed,"Distinct 28-ft stream cave in another part of the park; former bat hibernaculum. OCS GPS matched their database but is unpublished; entrance protected. Src: OCS Under Ohio v3i2 (2025)."
Little Mountain,41.6326,-81.2728,OCS: NE Sharon Conglomerate,Lake/Geauga,Sharon Conglomerate,exact,"Holden Arboretum ridge; marker = the 385 m (1263 ft) DEM-confirmed summit. Little Mountain Caverns (430 ft) on the N/E Holden flank — its 'Study Sinkhole' (E flank) is the largest sandstone sinkhole in Ohio (~8 m deep, 6.2x3.8 m); joint/slump + arenization. Devil's Kitchen, King's Cave; Log Lurker (~544 ft) on private SW side. Src: Novello & Sasowsky 2019, JCKS 81(1):44-56."
Dart's Cave / Merkle's Caves (Sand Hill),41.5375,-81.2775,OCS: NE Sharon Conglomerate,Geauga,Sharon Conglomerate,landmark,"Location approximate. On Sand Hill (Munson Twp), southern base at Fowlers Mill (41.5276,-81.2559 on E. Branch Chagrin). 3 parallel box-canyon gorges S->N: Fern, Twin Falls, Dart's-Merkle's (northernmost). Dart's = old Skylight Cave: walk-in stream entrance, dark room, ~30-ft ceiling-skylight waterfall; downstream of Merkle's (NE Ohio's largest natural tunnel). Refined 2026-07-02 to the 3DEP box-canyon complex NW of Fowlers Mill (~41.533-41.540, -81.274/-81.282). Src: Pholeos v9/v3, SD 1974 (Luther/Cleveland Grotto), OCS Under Ohio v3i2 2025 (GPS unpublished); Lynch 1974, Porter 1965. Exact entrance pending OCS GPS/OSIP LiDAR; note Chesterland/Sand Hill naming dispute."
Card's Cave,41.5400,-81.2950,OCS: NE Sharon Conglomerate,Geauga,Sharon Conglomerate,undisclosed,"Historic ~150-ft cave, now destroyed. Outlier between Sand Hill & Gildersleeve Mtn, Munson Twp."
Roaring Springs Cave,41.4480,-81.3020,OCS: NE Sharon Conglomerate,Geauga,Sharon Conglomerate,undisclosed,"Spring rock-shelter re-located 2025 (matched Warren Luther 1950s description); private land just down the street from The West Woods; inlet pipe feeds a neighbor's well across the road."
Bierce Cave,41.1243,-81.4973,OCS: NE Sharon Conglomerate,Summit,Sharon Conglomerate,landmark,"Sharon-Conglomerate joint/crevice cave (two ~10-ft rooms) on the N bank of the Cuyahoga in Gorge Metropolitan Park, Cuyahoga Falls, Summit Co. (near Mary Campbell's Cave). Named by the OCS for Gen. Lucius V. Bierce (Akron historian, uncle of Ambrose Bierce), who found it in 1826 & described it in his 1854 Historical Reminiscences of Summit County. Bricked up 1968; re-gated 2022 for endangered tricolored/big brown bats. Location well-confirmed; exact entrance not publicized. Src: L.V. Bierce 1854 (via Pholeos v9 / SD 1988); OCS Under Ohio v1i1 2023; Summit Metro Parks."
Devil's Den Fracture System,41.33117,-81.04204,OCS: NE Sharon Conglomerate,Portage,Sharon Conglomerate,landmark,"#5 longest in Ohio (1,155 ft). Fracture system in the Nelson-Kennedy Ledges country."
Perry's Cave,41.6473,-82.82723,OCS: Lake Erie Islands,Ottawa,Columbus Limestone,exact,"Commercial cave, South Bass Island/Put-in-Bay; celestite; War of 1812 freshwater source."
Paradise Cave,41.6545,-82.8175,OCS: Lake Erie Islands,Ottawa,dolomite,landmark,"#9 longest in Ohio (640 ft); clear-water island cave, South Bass Island."
Kindt's Cave (+ island caves),41.6450,-82.8335,OCS: Lake Erie Islands,Ottawa,dolomite,undisclosed,"Entered via a wishing well; owner Bob Kindt (OCS 'Kint' award). Nearby: Larcomb (sealed), Duffs (Dodge Woods), Cedar Forest caves."
Griggs Dam Caves 1 & 2,40.0162,-83.0936,OCS: Central Ohio,Franklin,dolomite/limestone,landmark,"Two ~80-ft caves in the Scioto canyon beside Griggs Dam, Columbus (COG survey)."
Tunis Cave,40.0299,-82.0870,OCS: Central Ohio,Muskingum,—,landmark,"248 ft; COG survey project, ~1 hr E of Columbus; namesake Tunis Rd W of Zanesville."
Courtesy Cave,40.0500,-82.9300,OCS: Central Ohio,Central Ohio (withheld),karst,undisclosed,Live COG dig; property w/ 5 sinkholes + 20-25 ft pit; landowner 'Jerry.' Location withheld.
Freeland's Cave,38.7776,-83.3302,OCS: SW karst (Serpent Mound belt),Adams,Silurian dolomite,undisclosed,"#2 longest in Ohio (2,323 ft); longest WILD cave. Meigs Twp near Blue Creek; private. Anchored to Blue Creek."
Reif's Cave,39.3394,-82.9950,OCS: SW karst (Serpent Mound belt),Ross,dolomite,county,"#3 longest (2,288 ft); cave property for sale — OCS seeking a benefactor. Chillicothe anchor."
Cedar Fork Cave,38.7917,-83.5442,OCS: SW karst (Serpent Mound belt),Adams,Silurian dolomite,county,"#6 longest (1,023 ft); Adams County dolomite karst. West Union anchor."
Wet Cave (Cave of the Springs),39.2222,-83.3598,OCS: SW karst (Rocky Fork/Seven Caves),Highland,Cedarville dolomite,landmark,"Cave 6 of White's Rocky Fork Caves (Highlands Nature Sanctuary, Paint Twp Highland). #8 longest in OH (807 ft; WUSS 246 m). A.k.a. Cave of the Springs; largest & only active cave of the group. Corrected 2026-07-02 ~4.4 mi NW to the real Rocky Fork Gorge. Src: White 1926 + Pholeos v3."
Lost Cap Cave,39.2400,-83.5800,OCS: SW karst (Serpent Mound belt),Highland,dolomitic limestone,undisclosed,Live OCS dig; 2021 sinkhole collapse near Hillsboro; named when owner lost his cap. Highland-Pike-Ross area; site withheld.
Spider Cave,39.2250,-83.5400,OCS: SW karst (Serpent Mound belt),Highland,dolomite,county,"Highland County (OCS file Ohio-122, 1986)."
Breakfast Caves,38.9734,-83.3490,OCS: SW karst (Serpent Mound belt),Adams,Silurian dolomite,landmark,"Cluster of 5 caves (surveyed 2007) near Bacon Flat Rd, Scioto Brush Creek valley, NE Adams Co. (Pholeos 30(2))."
Serpent Mound impact structure,39.0264,-83.4308,OCS: SW karst (Serpent Mound belt),Adams,impact-fractured carbonates,frame,FRAME (not a cave): meteorite-impact crater; its fracture network localizes the SW karst caves. Natl Historic & Natural Landmark.
Ohio Caverns (Reames Cave),40.23809,-83.69643,OCS: W-central show caves,Champaign,Silurian dolomite,exact,"#1 longest in Ohio — 15,787 ft (2.99 mi). Show cave near West Liberty (Salem Twp)."
Zane Caverns,40.37576,-83.63512,OCS: W-central show caves,Logan,dolomite,exact,"#4 longest in Ohio (1,529 ft). Show cave between Zanesfield & Bellefontaine."
Slate Stone (Sanborn's) Cave,40.2600,-83.7100,OCS: W-central show caves,Champaign,dolomite,county,#7 longest in Ohio (902 ft); Champaign County.
Seneca Caverns,41.22622,-82.87567,OCS: NW Ohio,Seneca,dolomite/limestone,exact,"Commercial deep earth-crack show cave near Flat Rock (Bellevue area), Seneca Co.; OCS meeting host. Historically documented by George W. White (1926) as Goods Cave on the Emanuel Good farm (NW Sec.14, Thompson Twp, ~1 mi SW of Flat Rock), which White ranked among Ohios largest. The separate Goods Cave marker (White 1926) was merged here — same cave — on 2026-07-02."
Indian Trail Caverns (Sheriden Cave),40.9807,-83.4448,OCS: NW Ohio,Wyandot,dolomite,exact,"#10 longest in Ohio (597 ft); Sheriden Cave Ice-Age fossil/archaeology site, Ridge Twp."
Gallia shelter cave (unnamed),38.8200,-82.3200,OCS: SE sandstone,Gallia,Conemaugh sandstone,undisclosed,"ODNR botanists found a sandstone shelter cave w/ rare carbonate speleothems, 2025. Gallia Co.; site withheld. Inside the original SE corridor."
Crystal Cave,41.6467,-82.82794,OCS: Lake Erie Islands,Ottawa,Columbus Limestone,exact,"World's largest geode (celestite crystals to ~3 ft) beneath Heineman's Winery, South Bass Island/Put-in-Bay. Commercial show cave. Source: DUG Ohio Commercial Caves list."
Olentangy Indian Caverns,40.19455,-83.06507,OCS: Central Ohio,Delaware,limestone,exact,"3-level limestone show cave ~55-105 ft deep (1779 Home Rd, Delaware); historically used by the Wyandot. North of Columbus. Source: DUG Ohio Commercial Caves list."
Hoaches Cave (Lost Hole of Hoaches),41.6000,-81.1900,OCS: NE Ohio,Geauga,Sharon Conglomerate,county,"Location approximate. Obscure closed Sharon-Conglomerate joint cave. County corrected 2026-07-02 Summit->Geauga: NSS News 1/1987 'near Painesville', 8/1988 'Geauga County'; SD 1986 says <10 mi from the 1986 Leroy quake epicenter (41.650,-81.162), reached from near Chardon. ACA's 'near Twinsburg' (our old point, ~27 mi from epicenter) is the editor-doubted outlier. Re-anchored to N Geauga near Chardon. Cave-name origin undocumented (a 'Hoach' landowner is unconfirmed in records searched); exact entrance unknown. Src: Nadich 1989 Cleve-O-Grotto News 35(7); NSS News 1/87 & 8/88; SD 1986; ACA Dec 1990."
Binkley's Cave System,38.182773,-86.150206,Indiana caves,"Harrison, IN",limestone,exact,"IN's longest (46.1 mi). Public entrance = Indiana Caverns show cave, Corydon; wider system protected."
Blue Spring Cave (Bluespring Caverns),38.796193,-86.546029,Indiana caves,"Lawrence, IN",limestone,exact,"20.9 mi wild system behind Bluespring Caverns show cave, ~5 mi SW of Bedford."
Wyandotte Cave,38.22838,-86.29704,Indiana caves,"Crawford, IN",limestone,exact,"9.1 mi. State-owned show cave, O'Bannon Woods SP / Harrison-Crawford State Forest."
Whistling Cave,38.727,-86.417,Indiana caves,"Lawrence, IN",limestone,landmark,7.81 mi wild cave in/near Spring Mill State Park; landmark ~1-2 km.
Marengo Cave,38.37556,-86.339471,Indiana caves,"Crawford, IN",limestone,exact,"5.56 mi. National-landmark commercial show cave, Marengo."
Wayne Cave,39.13273,-86.64869,Indiana caves,"Monroe, IN",limestone,exact,"4.25 mi. IKC Wayne Cave Preserve, Garrison Chapel karst W of Bloomington; entrance restricted (~1 km)."
Buckner Cave,39.12523,-86.65333,Indiana caves,"Monroe, IN",limestone,exact,"3.47 mi. NSS-owned training cave, Richard Blenz Nature Preserve, 8070 W Eller Rd Bloomington (~1-2 km)."
Upper Twin Cave,38.724361,-86.41,Indiana caves,"Lawrence, IN",limestone,exact,"3.1 mi. Twin Caves boat-tour cave, Spring Mill State Park."
Parker's Pit Cave,38.21091,-86.246426,Indiana caves,"Harrison, IN",limestone,exact,2.8 mi (~74 m pit). Published entrance on grottomap.org (not sensitive).
Organ Springs Cave,38.47722,-86.16444,Indiana caves,"Washington, IN",limestone,landmark,1.97 mi. Namesake of Organ Springs community; cave = spring source (~1-2 km).
Shawnee Cave (Donaldson-Bronson),38.730389,-86.415278,Indiana caves,"Lawrence, IN",limestone,exact,"1.52 mi. Donaldson-Bronson system, Spring Mill State Park (Donaldson entrance)."
Hamer's Cave,38.7335,-86.42633,Indiana caves,"Lawrence, IN",limestone,exact,1.49 mi. Powers the grist mill in Spring Mill SP Pioneer Village (~0.5-1 km).
Endless Cave,38.69215,-86.2566,Indiana caves,"Washington, IN",limestone,exact,1.31 mi. Cave River Valley Natural Area near Campbellsburg; entrance not published (~1 km).
Mitchell Crushed Stone Co. Cave,38.735,-86.51,Indiana caves,"Lawrence, IN",limestone,landmark,"1.31 mi. At Rogers Group (Mitchell Crushed Stone) quarry, SR 60 W of Mitchell (~1-2 km)."
Waterfall Cave,38.652,-86.217,Indiana caves,"Washington, IN",limestone,landmark,"1.07 mi. Henderson Park / Twin Creek Valley (TNC), ~7-8 mi W of Salem (~1 km)."
Lost River Cave System,38.63115,-86.55711,Indiana caves,"Orange, IN",limestone,landmark,22.2 mi disappearing-river karst. Anchored to public Orangeville Rise (NNL); passages not published.
Fogelpole Cave,38.197,-90.12928,Illinois caves,"Monroe, IL",limestone,exact,"IL's longest (~15 mi). Paul Wightman Subterranean Nature Preserve, ~9.5 mi S of Waterloo."
Pautler Cave,38.31,-90.2,Illinois caves,"Monroe, IL",limestone,landmark,6 mi. IL Nature Preserve (KCI); point withheld; ~3 mi WSW of Waterloo.
Illinois Caverns (Little Mammoth),38.23561,-90.13706,Illinois caves,"Monroe, IL",limestone,exact,"5.62 mi. Former Illinois Caverns State Natural Area near Burksville, S of Waterloo."
Ava Cave,37.85453,-89.55169,Illinois caves,"Jackson, IL",limestone,exact,1.3 mi. Downstream entrance ~4 km SW of Ava (grottomap.org).
Pless Cave,38.8076,-86.54293,Indiana caves,"Lawrence, IN",limestone,exact,"2.70 mi. SE1/4 NE1/4 SE1/4 Sec.5 T.4N R.1W (2nd PM), S of SR-450; ~0.8 mi N of Blue Spring Cave (matches survey note). From Speleo Digest 1961 via BLM PLSS."
Shiloh Cave,38.86808,-86.56327,Indiana caves,"Lawrence, IN",limestone,landmark,"1.26 mi. Sec.18 T.5N R.1W (2nd PM); behind Shiloh Church, ~5 mi out of Bedford on Rte 158. Section centroid from Speleo Digest 1961 / 1965 Guidebook via BLM PLSS."
Blair Spring Cave,39.13086,-86.6603,Indiana caves,"Monroe, IN",limestone,exact,"3.12 mi. SW1/4 SE1/4 NW1/4 Sec.17 T.8N R.2W (2nd PM), Whitehall Quad; ~1/4 mi E of Blair Spring, W end of Garrison Chapel valley. From Speleo Digest 1965 via BLM PLSS."
Hudelson Cave (Cavern),38.60302,-86.48303,Indiana caves,"Orange, IN",limestone,exact,"1.02 mi. NE1/4 SW1/4 SE1/4 Sec.14 T.2N R.1W (2nd PM), Paoli Quad; 20-ft pit on Clifford Hudelson Farm, ~4 mi N of Paoli. From Speleo Digest 1958/1963 via BLM PLSS."
Armstrong Spring,38.91633,-86.64563,Indiana caves,"Lawrence, IN",limestone,exact,Wild cave from NSS corpus. SW/NW/NW Sec.33 T6N R2W (2nd PM). Src: Speleo Digest SD_1974-compressed.
Coon Cave,39.13998,-86.65799,Indiana caves,"Monroe, IN",limestone,exact,Wild cave from NSS corpus. NE/SE/SW Sec.8 T8N R2W (2nd PM). Src: Guidebooks 1973-Guidebook-compressed.
Eller Cave,39.12876,-86.62773,Indiana caves,"Monroe, IN",limestone,exact,Wild cave from NSS corpus. NW/NW/SW Sec.15 T8N R2W (2nd PM). Src: Guidebooks 1973-Guidebook-compressed.
Grinstaff's Cave,38.87477,-86.62949,Indiana caves,"Lawrence, IN",limestone,exact,Wild cave from NSS corpus. NE/NE/NE Sec.16 T5N R2W (2nd PM). Src: Speleo Digest SD_1961-compressed.
Hornecker Cave,38.86581,-86.66866,Indiana caves,"Lawrence, IN",limestone,exact,Wild cave from NSS corpus. SW/NE/SE Sec.18 T5N R2W (2nd PM). Src: Speleo Digest SD_1961-compressed.
Ramsey Cave,38.323,-86.15332,Indiana caves,"Harrison, IN",limestone,exact,Wild cave from NSS corpus. SE/NE/SW Sec.23 T2S R3E (2nd PM). Src: Speleo Digest SD_1960-compressed.
Salamander-Crystal Cave,39.14356,-86.64642,Indiana caves,"Monroe, IN",limestone,exact,Wild cave from NSS corpus. NW/NW/SW Sec.9 T8N R2W (2nd PM). Src: Guidebooks 1973-Guidebook-compressed.
Shaft Cave,39.14365,-86.64869,Indiana caves,"Monroe, IN",limestone,exact,Wild cave from NSS corpus. NE/NE/SE Sec.8 T8N R2W (2nd PM). Src: Guidebooks 1973-Guidebook-compressed.
Stones Cave,38.3077,-86.30926,Indiana caves,"Crawford, IN",limestone,exact,Wild cave from NSS corpus. SW/SW/SW Sec.28 T2S R2E (2nd PM). Src: Speleo Digest SD_1961-compressed.
Atkins Pit,38.33648,-86.20549,Indiana caves,"Harrison, IN",limestone,exact,Wild cave from NSS corpus. SW/SE Sec.17 T2S R3E (2nd PM). Src: Speleo Digest SD_1960-compressed.
Baker's Cave,38.87017,-86.63065,Indiana caves,"Lawrence, IN",limestone,exact,Wild cave from NSS corpus. SE/NE Sec.16 T5N R2W (2nd PM). Src: Speleo Digest SD_1961-compressed.
Cheese Cave,38.55565,-86.3621,Indiana caves,"Orange, IN",limestone,exact,Wild cave from NSS corpus. NW/NW Sec.1 T1N R1E (2nd PM). Src: Speleo Digest SD_1958-compressed.
Deep Cave,38.78987,-86.60342,Indiana caves,"Lawrence, IN",limestone,exact,Wild cave from NSS corpus. SE/SW Sec.11 T4N R2W (2nd PM). Src: Speleo Digest SD_1961-compressed.
Green's Cave,38.76111,-86.57965,Indiana caves,"Lawrence, IN",limestone,exact,Wild cave from NSS corpus. SW/SE Sec.24 T40N R2W (2nd PM). Src: Speleo Digest SD_1972-compressed.
Jug Hole,38.1658,-86.24959,Indiana caves,"Harrison, IN",limestone,exact,Wild cave from NSS corpus. NW/SE Sec.13 T4S R2E (2nd PM). Src: Speleo Digest SD_1960-compressed.
Pinnacle Pit,38.84862,-86.64916,Indiana caves,"Lawrence, IN",limestone,exact,Wild cave from NSS corpus. SE/SE Sec.20 T5N R2W (2nd PM). Src: Speleo Digest SD_1961-compressed.
Rainey Cave,38.84121,-86.61718,Indiana caves,"Lawrence, IN",limestone,exact,Wild cave from NSS corpus. SW/NE Sec.27 T5N R2W (2nd PM). Src: Speleo Digest SD_1961-compressed.
Ray Spring,38.73575,-86.65797,Indiana caves,"Lawrence, IN",limestone,exact,Wild cave from NSS corpus. NE/SW Sec.32 T4N R2W (2nd PM). Src: Speleo Digest SD_1961-compressed.
Red Oak Hole,38.23289,-86.30741,Indiana caves,"Crawford, IN",limestone,exact,Wild cave from NSS corpus. NE/NW Sec.28 T3S R2E (2nd PM). Src: Speleo Digest SD_1960-compressed.
Reeder Cave,38.83763,-86.63553,Indiana caves,"Lawrence, IN",limestone,exact,Wild cave from NSS corpus. NW/SE Sec.28 T5N R2W (2nd PM). Src: Speleo Digest SD_1961-compressed.
Russell Cave,38.68916,-86.24646,Indiana caves,"Washington, IN",limestone,exact,Wild cave from NSS corpus. SE/SW Sec.13 T3N R2E (2nd PM). Src: Speleo Digest SD_1958-compressed.
Seven-Up Cave,38.84862,-86.65849,Indiana caves,"Lawrence, IN",limestone,exact,Wild cave from NSS corpus. SE/SW Sec.20 T5N R2W (2nd PM). Src: Speleo Digest SD_1961-compressed.
Shoals Farm Cave,38.66715,-86.57417,Indiana caves,"Orange, IN",limestone,exact,Wild cave from NSS corpus. SE/NE Sec.25 T3N R2W (2nd PM). Src: Speleo Digest SD_1961-compressed.
Bear Cave,38.7751,-86.6167,Indiana caves,"Lawrence, IN",limestone,exact,Wild cave from NSS corpus. SW Sec.15 T4N R2W (2nd PM). Src: Speleo Digest SD_1961-compressed.
Blue River Bend Cave,38.32982,-86.30654,Indiana caves,"Crawford, IN",limestone,exact,Wild cave from NSS corpus. NW Sec.21 T2S R2E (2nd PM). Src: Speleo Digest SD_1961-compressed.
Coulter Pit,38.54648,-86.25684,Indiana caves,"Washington, IN",limestone,landmark,Wild cave from NSS corpus. SE Sec.2 T1N R2E (2nd PM). Src: Speleo Digest SD_1958-compressed.
Drake's Cave,38.30289,-86.20074,Indiana caves,"Harrison, IN",limestone,exact,Wild cave from NSS corpus. NE Sec.32 T2S R3E (2nd PM). Src: Speleo Digest SD_1961-compressed.
Dry Cave,38.88694,-86.5765,Indiana caves,"Lawrence, IN",limestone,exact,Wild cave from NSS corpus. NE Sec.12 T5N R2W (2nd PM). Src: Speleo Digest SD_1961-compressed.
Ed's Hole,38.36056,-86.22173,Indiana caves,"Harrison, IN",limestone,landmark,Wild cave from NSS corpus. NE Sec.7 T2S R3E (2nd PM). Src: Speleo Digest SD_1960-compressed.
Edwards Cave,38.76717,-86.61093,Indiana caves,"Lawrence, IN",limestone,exact,Wild cave from NSS corpus. NE Sec.22 T4N R2W (2nd PM). Src: Speleo Digest SD_1961-compressed.
Freeman Cave,39.20062,-86.6817,Indiana caves,"Monroe, IN",limestone,exact,Wild cave from NSS corpus. NW Sec.19 T9N R2W (2nd PM). Src: Speleo Digest SD_1958-compressed.
Frohman's Cave,38.2758,-86.33555,Indiana caves,"Crawford, IN",limestone,landmark,Wild cave from NSS corpus. NE Sec.7 T3S R2E (2nd PM). Src: Speleo Digest SD_1960-compressed.
Green Cave,38.70755,-86.2701,Indiana caves,"Washington, IN",limestone,exact,Wild cave from NSS corpus. SW Sec.11 T3N R2E (2nd PM). Src: Speleo Digest SD_1958-compressed.
Linden Pit,38.95656,-86.63077,Indiana caves,"Lawrence, IN",limestone,exact,Wild cave from NSS corpus. NE Sec.16 T6N R2W (2nd PM). Src: Speleo Digest SD_1961-compressed.
May Pit,38.90797,-86.57753,Indiana caves,"Lawrence, IN",limestone,landmark,Wild cave from NSS corpus. SE Sec.36 T6N R2W (2nd PM). Src: Speleo Digest SD_1961-compressed.
Saltpeter Cave,38.42681,-86.31304,Indiana caves,"Orange, IN",limestone,landmark,Wild cave from NSS corpus. SE Sec.17 T1S R2E (2nd PM). Src: Speleo Digest SD_1958-compressed.
Seaton's Pit,38.34107,-86.26526,Indiana caves,"Harrison, IN",limestone,exact,Wild cave from NSS corpus. NE Sec.14 T2S R2E (2nd PM). Src: Speleo Digest SD_1961-compressed.
Terry Cave,38.76273,-86.60518,Indiana caves,"Lawrence, IN",limestone,landmark,Wild cave from NSS corpus. SW Sec.23 T4N R2W (2nd PM). Src: Speleo Digest SD_1961-compressed.
Travertine Cave,38.82831,-86.58727,Indiana caves,"Lawrence, IN",limestone,landmark,Wild cave from NSS corpus. NW Sec.36 T35N R2W (2nd PM). Src: Speleo Digest SD_1960-compressed.
Wiesbach Cave,38.66103,-86.74322,Indiana caves,"Martin, IN",limestone,landmark,Wild cave from NSS corpus. SE Sec.28 T3N R3W (2nd PM). Src: Speleo Digest SD_1961-compressed.
BB Hole,38.242,-86.30456,Indiana caves,"Crawford, IN",limestone,landmark,Wild cave from NSS corpus. Sec.21 T3S R2E (2nd PM). Src: Speleo Digest SD_2000-compressed.
Bear Cave,39.18835,-86.74873,Indiana caves,"Owen, IN",limestone,exact,Wild cave from NSS corpus. Sec.28 T9N R3W (2nd PM). Src: Speleo Digest SD_1959-compressed.
Bex Pit,38.76447,-86.61206,Indiana caves,"Lawrence, IN",limestone,exact,Wild cave from NSS corpus. Sec.22 T4N R2W (2nd PM). Src: Speleo Digest SD_1961-compressed.
Blue Springs,38.76627,-86.61883,Indiana caves,"Lawrence, IN",limestone,landmark,Wild cave from NSS corpus. Sec.22 T4N R2W (2nd PM). Src: Speleo Digest SD_1961-compressed.
Bryant's Cave,38.34209,-86.2079,Indiana caves,"Harrison, IN",limestone,landmark,Wild cave from NSS corpus. Sec.17 T2S R3E (2nd PM). Src: Speleo Digest SD_1970-compressed.
Buzzard's Cave,38.80974,-86.57956,Indiana caves,"Lawrence, IN",limestone,landmark,Wild cave from NSS corpus. Sec.1 T4N R2W (2nd PM). Src: Speleo Digest SD_1961-compressed.
Click's Cave,38.53631,-86.16905,Indiana caves,"Washington, IN",limestone,landmark,Wild cave from NSS corpus. Sec.10 T1N R3E (2nd PM). Src: Speleo Digest SD_1958-compressed.
Counterfeiter's Cave,38.52158,-86.1505,Indiana caves,"Washington, IN",limestone,landmark,Wild cave from NSS corpus. Sec.14 T1N R3E (2nd PM). Src: Speleo Digest SD_1958-compressed.
Dubois Cave,38.28596,-86.29234,Indiana caves,"Crawford, IN",limestone,exact,Wild cave from NSS corpus. Sec.3 T3S R2E (2nd PM). Src: Speleo Digest SD_1961-compressed.
East Pit,38.82472,-86.54426,Indiana caves,"Lawrence, IN",limestone,landmark,Wild cave from NSS corpus. Sec.32 T5N R1W (2nd PM). Src: NSS News October_02.
Fat Man's Misery Cave,38.73467,-85.35978,Indiana caves,"Jefferson, IN",limestone,landmark,Wild cave from NSS corpus. Sec.1 T3N R10E (2nd PM). Src: Speleo Digest SD_1959-compressed.
Fault Cave,39.13145,-86.59859,Indiana caves,"Monroe, IN",limestone,exact,Wild cave from NSS corpus. Sec.14 T8N R2W (2nd PM). Src: Speleo Digest SD_1959-compressed.
Flat Rock Cave,39.40216,-85.75079,Indiana caves,"Shelby, IN",limestone,landmark,Wild cave from NSS corpus. Sec.16 T11N R7E (2nd PM). Src: Speleo Digest SD_1959-compressed.
Gilmore Spring,39.22822,-86.58561,Indiana caves,"Monroe, IN",limestone,exact,Wild cave from NSS corpus. Sec.12 T9N R2W (2nd PM). Src: Speleo Digest SD_1959-compressed.
Green Eye II Pit,38.99935,-86.58287,Indiana caves,"Monroe, IN",limestone,landmark,Wild cave from NSS corpus. Sec.36 T7N R2W (2nd PM). Src: Speleo Digest SD_1959-compressed.
Hidden Pit,39.19942,-86.68467,Indiana caves,"Owen, IN",limestone,exact,Wild cave from NSS corpus. Sec.24 T9N R3W (2nd PM). Src: Speleo Digest SD_1958-compressed.
Ice Cave,39.02918,-86.74675,Indiana caves,"Greene, IN",limestone,landmark,Wild cave from NSS corpus. Sec.21 T37N R3W (2nd PM). Src: Speleo Digest SD_1974-compressed.
Indian Cave,38.73467,-85.35978,Indiana caves,"Jefferson, IN",limestone,landmark,Wild cave from NSS corpus. Sec.1 T3N R10E (2nd PM). Src: Speleo Digest SD_1959-compressed.
Jesse Tate Cave,38.84597,-85.63856,Indiana caves,"Jennings, IN",limestone,landmark,Wild cave from NSS corpus. Sec.28 T5N R8E (2nd PM). Src: Speleo Digest SD_1959-compressed.
Jim Sale Cave,39.08165,-85.23214,Indiana caves,"Ripley, IN",limestone,landmark,Wild cave from NSS corpus. Sec.6 T7N R12E (2nd PM). Src: Speleo Digest SD_1959-compressed.
Joraen's Cave,38.23257,-86.16424,Indiana caves,"Harrison, IN",limestone,exact,Wild cave from NSS corpus. Sec.22 T3S R3E (2nd PM). Src: Speleo Digest SD_1960-compressed.
Lackey Cave,38.8248,-86.60113,Indiana caves,"Lawrence, IN",limestone,landmark,Wild cave from NSS corpus. Sec.35 T5N R2W (2nd PM). Src: Speleo Digest SD_1961-compressed.
Ladder Cave,38.53579,-86.24298,Indiana caves,"Washington, IN",limestone,landmark,Wild cave from NSS corpus. Sec.12 T1N R2E (2nd PM). Src: Speleo Digest SD_1958-compressed.
Laurel Cave,38.86075,-85.63884,Indiana caves,"Jennings, IN",limestone,landmark,Wild cave from NSS corpus. Sec.21 T5N R8E (2nd PM). Src: Speleo Digest SD_1959-compressed.
Lewis Creek Cave,38.76089,-85.62132,Indiana caves,"Jefferson, IN",limestone,exact,Wild cave from NSS corpus. Sec.27 T4N R8E (2nd PM). Src: Speleo Digest SD_1959-compressed.
Lowery Cave,39.12421,-85.6402,Indiana caves,"Jennings, IN",limestone,landmark,Wild cave from NSS corpus. Sec.21 T8N R8E (2nd PM). Src: Speleo Digest SD_1959-compressed.
Meek Cave,38.933,-85.71226,Indiana caves,"Jennings, IN",limestone,landmark,Wild cave from NSS corpus. Sec.26 T6N R7E (2nd PM). Src: Speleo Digest SD_1959-compressed.
Miller's Cave,38.81067,-86.65651,Indiana caves,"Lawrence, IN",limestone,landmark,Wild cave from NSS corpus. Sec.5 T4N R2W (2nd PM). Src: Speleo Digest SD_1961-compressed.
Morris Cave,38.68061,-85.56,Indiana caves,"Jefferson, IN",limestone,exact,Wild cave from NSS corpus. Sec.19 T3N R9E (2nd PM). Src: Speleo Digest SD_1959-compressed.
Moss Cave,38.80889,-86.58358,Indiana caves,"Lawrence, IN",limestone,exact,Wild cave from NSS corpus. Sec.1 T4N R2W (2nd PM). Src: Speleo Digest SD_1959-compressed.
Old Lady Cave,38.88062,-86.5847,Indiana caves,"Lawrence, IN",limestone,exact,Wild cave from NSS corpus. Sec.12 T5N R2W (2nd PM). Src: Speleo Digest SD_1961-compressed.
Owl Canyon Cave,39.37637,-86.56691,Indiana caves,"Morgan, IN",limestone,landmark,Wild cave from NSS corpus. Sec.19 T11N R1W (2nd PM). Src: Speleo Digest SD_1976-compressed.
Popcorn Springs,38.93166,-86.64912,Indiana caves,"Lawrence, IN",limestone,exact,Wild cave from NSS corpus. Sec.29 T6N R2W (2nd PM). Src: Speleo Digest SD_1961-compressed.
Rainbow Cave,39.37637,-86.5841,Indiana caves,"Morgan, IN",limestone,landmark,Wild cave from NSS corpus. Sec.24 T11N R2W (2nd PM). Src: Speleo Digest SD_1976-compressed.
Slider Cave,38.70819,-85.5246,Indiana caves,"Jefferson, IN",limestone,exact,Wild cave from NSS corpus. Sec.16 T3N R9E (2nd PM). Src: Speleo Digest SD_1959-compressed.
Steprow Cave,38.2246,-86.1732,Indiana caves,"Harrison, IN",limestone,landmark,Wild cave from NSS corpus. Sec.27 T3S R3E (2nd PM). Src: Speleo Digest SD_1960-compressed.
Stroud's Still Cave,38.36975,-86.29818,Indiana caves,"Crawford, IN",limestone,exact,Wild cave from NSS corpus. Sec.4 T2S R2E (2nd PM). Src: Speleo Digest SD_1961-compressed.
Swaren's Cave,38.31534,-86.24354,Indiana caves,"Harrison, IN",limestone,exact,Wild cave from NSS corpus. Sec.25 T2S R2E (2nd PM). Src: Speleo Digest SD_1961-compressed.
Swarren's Cave,38.31441,-86.24469,Indiana caves,"Harrison, IN",limestone,exact,Wild cave from NSS corpus. Sec.25 T2S R2E (2nd PM). Src: Speleo Digest SD_1967.
Sweet Potato Cave,38.81146,-86.58438,Indiana caves,"Lawrence, IN",limestone,exact,Wild cave from NSS corpus. Sec.1 T4N R2W (2nd PM). Src: Speleo Digest SD_1959-compressed.
Flatbush Cave,43.64002,-88.61179,Wisconsin caves,"Fond du Lac, WI",limestone,landmark,Wild cave from NSS corpus. Sec.32 T14N R16E (4th PM). Src: Speleo Digest SD_1976-compressed.
Ford's Cave,43.64018,-88.63315,Wisconsin caves,"Fond du Lac, WI",limestone,landmark,Wild cave from NSS corpus. Sec.31 T14N R16E (4th PM). Src: Speleo Digest SD_1976-compressed.
Harlem Cave,43.64002,-88.61179,Wisconsin caves,"Fond du Lac, WI",limestone,landmark,Wild cave from NSS corpus. Sec.32 T14N R16E (4th PM). Src: Speleo Digest SD_1976-compressed.
Ferncliff Cave,39.9372,-83.8223,Ohio caves,"Clark, OH",dolomite/sandstone,landmark,"Small Cedarville-Dolomite cave; entrance in Ferncliff Cemetery, Springfield. Corpus-found (Speleo Digest 1983). Geocoded to the cemetery."
Chesterland Caves / Sand Hill complex,41.5370,-81.2778,Ohio caves,"Geauga, OH",Sharon conglomerate,landmark,"Umbrella label for the Sand Hill 3-gorge complex (Munson Twp, S base at Fowlers Mill). = the group Pholeos v3 (M&O 1982) mapped as Chesterland Caves area; reconciled 2026-07-02 to Sand Hill (Chesterland Cave/Skylight = Darts Cave, per v9 & OCS 2025). Former Sunnybrook placement retired. Landmark; exact entrances pending OCS GPS."
Oscar Hole,39.2276,-83.2705,Ohio caves,"Ross, OH",dolomite/sandstone,landmark,"16 m; Greenfield Dolomite, discovered upstream from the Buckskin I & II caves, Ross Co. Corpus-found (Pholeos / Speleo Digest 1995). Anchored near Bainbridge / Buckskin Creek (~landmark)."
Lost Pack Cave,38.86332,-83.5052,Ohio caves,"Adams, OH",dolomite/sandstone,county,"10 m; Peebles Dolomite, SE Adams County. Corpus-found (Speleo Digest 1983). County-level — exact site not published."
Loop Cave,38.83,-83.47795,Ohio caves,"Adams, OH",dolomite/sandstone,county,"15.9 m dolomite-bluff cave w/ two entrances, Adams Co.; Sullivant's Cave lies ~7 m south (named for the Ohio-endemic plant Sullivantia). Corpus-found (Pholeos / Speleo Digest 1995). County-level."
Sullivant's Cave,38.82484,-83.52824,Ohio caves,"Adams, OH",dolomite/sandstone,county,Small Adams Co. dolomite cave ~7 m S of Loop Cave; namesake of Sullivantia sullivantii at its entrance. Corpus-found (Pholeos / Speleo Digest 1995). County-level.
Highland Co. dolomite caves (Alpha·Gator·Pseudo·Raccoon),39.20372,-83.6304,Ohio caves,"Highland, OH",dolomite/sandstone,county,"A 1982 survey cluster of small Peebles/Greenfield-dolomite caves & pits in Highland County (Alpha, Gator, Pseudo, Raccoon, incl. Carcass & Thirty-Foot pits). Corpus-found (Speleo Digest 1982). County-level."
Tinker's Cave,39.48782,-82.547,Ohio caves,"Hocking, OH",dolomite/sandstone,county,"Hocking County cave (a.k.a. Thieves' Cave, from an outlaw legend). Corpus-found (Pholeos 6(1) / Speleo Digest 1986). County-level."
John Henry Adams Cave,39.03662,-82.6089,Ohio caves,"Jackson, OH",dolomite/sandstone,county,Long-surveyed Jackson County cave (Berea College cavers; virgin passage reported 1989). Corpus-found (NSS News 1989 / Electric Caver). County-level.
Meyer Cave,38.3947,-90.25254,Illinois caves,"Monroe, IL",limestone,exact,"In the Mississippi River limestone bluff ~4 mi SSW of Columbia. NW&frac14; Sec.6, T.2S R.10W (3rd PM), New Hanover Twp. Geo-located from NSS Bulletin vol-29 legal description via BLM PLSS."
Krueger System,38.195,-90.145,Illinois caves,"Monroe, IL",limestone,landmark,"3.86 mi. Major cave of the Waterloo–Renault sinkhole plain (entrances incl. Fruth, Dry Run Pit, Big Sink; near O'Leary School). Protected (Armin Krueger Speleological NP) — entrance withheld; anchored to the Renault plain ~2.5 mi NNW of Illinois Caverns. Src: NSS News 1980–83."
Kelly Spring Cave,38.185,-90.135,Illinois caves,"Monroe, IL",limestone,landmark,1.92 mi. Drainage outlet of the Krueger system; the spring lies ~½ mi E of O'Leary School (water connection proven). Protected; anchored to the Renault sinkhole plain. Src: Speleo Digest 1962 / NSS News 1980–81.
Camp Vandeventer Cave,38.16,-90.15,Illinois caves,"Monroe, IL",limestone,landmark,Monroe County sinkhole-plain cave near Renault (Camp Vandeventer). Anchored to Renault (~landmark). Src: NSS Bulletin vol.40 faunal survey.
Dry Run Cave,38.205,-90.148,Illinois caves,"Monroe, IL",limestone,landmark,Monroe County cave in the Krueger/Dry Run drainage of the Renault sinkhole plain. Anchored to the Renault plain (~landmark). Src: NSS Bulletin vol.40.
Madonnaville Cave,38.26505,-90.24678,Illinois caves,"Monroe, IL",limestone,landmark,Monroe County cave near the hamlet of Madonnaville. Geocoded to Madonnaville (~landmark). Src: NSS Bulletin vol.40.
Horsethief Cave,38.30538,-90.30015,Illinois caves,"Monroe, IL",limestone,landmark,Monroe County bluff cave near Valmeyer. Anchored to Valmeyer (~landmark). Src: NSS Bulletin vol.40.
Stemler Cave,38.45,-90.13,Illinois caves,"St. Clair, IL",limestone,landmark,St. Clair County sinkhole-plain cave (INPC conservation site) near Columbia/Millstadt. Entrance protected; anchored to the Columbia–Millstadt karst (~landmark). Src: NSS Bulletin vol.40 / Missouri Speleology 2015.
Falling Spring Cave,38.52956,-90.18356,Illinois caves,"St. Clair, IL",limestone,landmark,St. Clair County spring-cave at the Falling Spring landmark near Dupo. Geocoded to Falling Spring (~landmark). Src: NSS Bulletin vol.40.
Frieze Cave,37.41,-88.56,Illinois caves,"Pope, IL",limestone,county,Pope County cave (Shawnee Hills). County-level — no finer location in corpus. Src: NSS Bulletin vol.40 faunal survey.
Layoff Cave,37.475,-88.175,Illinois caves,"Hardin, IL",limestone,landmark,Hardin County cave near Cave-in-Rock (lower Ohio River bluffs). Anchored to Cave-in-Rock (~landmark). Src: NSS Bulletin vol.40.
Brown's Hole,37.46,-88.155,Illinois caves,"Hardin, IL",limestone,landmark,Hardin County cave near Cave-in-Rock. Anchored to Cave-in-Rock (~landmark). Src: NSS Bulletin vol.40.
Devil's Backbone Cave,37.62811,-89.33676,Illinois caves,"Jackson, IL",limestone,landmark,Jackson County cave in the Fountain Bluff / Pomona area of the Mississippi bluffs. Anchored to Pomona (~landmark). Src: NSS Bulletin vol.40.
Log Lurker Cave,41.6296,-81.2770,Ohio caves,"Geauga, OH",Sharon conglomerate,landmark,"Location approximate. ~544 ft, one of NE Ohio's longest. Connected system of 3 caves (+4th via skylight) on the private SW/S side of Little Mountain, just outside Holden Arboretum. Historic Little Mountain resort water reservoir (brick dams, pipes, Waterfall Room). OCS survey 2025 (Vlchek/Mooter/Peter). Src: Under Ohio v3i2. Anchored to the SW plateau rim just S of Holden's parcel, amid large-lot private lots on Griswold Rd (Geauga parcel GIS); 3DEP LiDAR resolves crevices on the N/E edges but not the SW entrance — needs OSIP LiDAR or OCS GPS. DEM: SW anchor ~345 m, ~40 m below the summit. Novello & Sasowsky 2019 (JCKS 81(1):44-56) covers Little Mountain Caverns (Holden N/E flank), not Log Lurker."
Crystal Rock Cave,41.44783,-82.84269,Ohio caves,"Erie, OH",limestone/dolomite,landmark,"Location approximate. In Crystal Rock Park, NW corner of Margaretta Twp, ~8 mi W of Sandusky & 3/4 mi S of Lake Erie (marked 'Crystal Rock Spring' on the Bellevue quad). Src: White 1926."
Underground River Cave,40.98299,-83.42272,Ohio caves,"Wyandot, OH",limestone/dolomite,landmark,"Location approximate. N part of Ridge Twp, NW Wyandot Co., ~3 mi NW of Carey on the Carey–Fostoria road (M. L. Kelly). Same township as Indian Trail/Sheriden Cave. Src: White 1926 (cited by Winchell 1873)."
Lawrence Cave,40.19407,-83.08088,Ohio caves,"Delaware, OH",limestone/dolomite,landmark,"Location approximate. On the Lawrence farm ~1/2 mi W of the Olentangy River & 2.5 mi N of Powell, Liberty Twp, Delaware Co. (Delaware limestone). Near Olentangy Indian Caverns. Src: White 1926."
Thompson's Cave,40.11003,-84.35384,Ohio caves,"Miami, OH",limestone/dolomite,landmark,"Location approximate. Small cave on the Harry Thompson farm, 1/2 mi S of Covington, S part of Newberry Twp, Miami Co.; entrance on the E bank of the Stillwater River (Cedarville dolomite). Src: White 1926."
Painter Creek Cave,40.05172,-84.36333,Ohio caves,"Miami, OH",limestone/dolomite,landmark,"Location approximate. On the Charles Senseman farm, N side of Painter Creek ~1 mi W of its junction with the Stillwater River, Sec.7 Newton Twp, Miami Co. Two entrances (lower Niagara limestone). Src: White 1926."
Miami River Cave,40.26072,-84.24624,Ohio caves,"Shelby, OH",limestone/dolomite,landmark,"Location approximate. On the W bank of the Great Miami River, Clinton Twp, Shelby Co. (Sec.11/14 boundary), ~8 mi N of Piqua. Entrance ~3 ft above the water (Niagara). Src: White 1926."
Buckskin Caves,39.2493,-83.27047,Ohio caves,"Ross, OH",limestone/dolomite,landmark,"Location approximate. Two small caves on the W bank of Buckskin Creek, ~1.5 mi N of Bainbridge, N part of Paint Twp, Ross Co. (Greenfield dolomite). These are the Buckskin I & II caves that Oscar Hole was discovered upstream from. Src: White 1926."
Leaning Cave,41.5372,-81.2785,Ohio caves,"Geauga, OH",Sharon conglomerate,landmark,"Location approximate. Cave L on Pholeos v3 Fig. 1 (1982); tall leaning entrance ~100 m downstream of Darts/Skylight Cave in the N (Darts-Merkles) gorge of the Sand Hill complex, Munson Twp. First cave OCS reached in 2025. Landmark; exact entrance pending OCS GPS."
Extension Cave,41.5378,-81.2782,Ohio caves,"Geauga, OH",Sharon conglomerate,landmark,"Location approximate. Cave E on Pholeos v3 Fig. 1 — small (~4 m) cave sharing a wall with Darts (Chesterland/Skylight) Cave, up-gorge. N (Darts-Merkles) gorge, Sand Hill complex, Munson Twp. Consolidated from Sunnybrook; landmark, exact entrance pending OCS GPS."
South Gorge Cave,41.5345,-81.2772,Ohio caves,"Geauga, OH",Sharon conglomerate,landmark,"Location approximate. Cave S on Pholeos v3 Fig. 1 — ~7 m joint-fracture cave w/ small spring, southern gorge (v9 Fern Gorge) of the Sand Hill complex, Munson Twp. Consolidated from Sunnybrook; landmark, exact entrance pending OCS GPS."
Cats Den,41.5368,-81.2770,Ohio caves,"Geauga, OH",Sharon conglomerate,landmark,"Location approximate. Sharon-Conglomerate joint/box-canyon cave, Sand Hill/Darts complex, Munson Twp (map #8, Pholeos v3 / SD 1974). Landmark; exact gorge/entrance pending OCS GPS."
Bainbridge Cave,41.5382,-81.2767,Ohio caves,"Geauga, OH",Sharon conglomerate,landmark,"Location approximate. ~27.7 m (re-surveyed 2009), furthest penetration along a joint; Sand Hill/Darts complex, Munson Twp (map #9; Pholeos v3/v30/SD 1974). Landmark; exact entrance pending OCS GPS."
Robber's Cave,41.5245,-81.2762,Ohio caves,"Geauga, OH",Sharon conglomerate,landmark,"Location approximate. A.k.a. Bat/Parker Cave; sinkhole entrance in flat woods ~1 mi S of the Darts-Merkles gorges on the Sand Hill plateau (Munson Twp); stream resurges at Parker Spring Cave ~1500 ft away (Luther 1956). Src: Pholeos v9 & v3. Landmark; exact entrance pending OCS GPS."
Munson Pit Cave,41.5360,-81.2792,Ohio caves,"Geauga, OH",Sharon conglomerate,landmark,"Location approximate. Pit cave, Munson Twp (surveyed with Crinoid Crypt). Src: Speleo Digest 1990 (J. Bailey, CIG); gorge not identified — anchored to the edge of the Sand Hill/Darts complex."
Crinoid Crypt Cave,41.5357,-81.2795,Ohio caves,"Geauga, OH",Sharon conglomerate,landmark,"Location approximate. Munson Twp (surveyed with Munson Pit). Src: Speleo Digest 1990 (J. Bailey, CIG). Gorge not identified; anchored to the edge of the Sand Hill/Darts complex."

Dry Cave (Rocky Fork),39.2226,-83.3782,OCS: SW karst (Rocky Fork/Seven Caves),Highland,Cedarville dolomite,landmark,"White 1926 Rocky Fork cave 1: ~1 mi W of the group; 180 ft, dry, thick travertine; separately owned. Highlands Nature Sanctuary area, Paint Twp Highland."
Ellison's Cave (Rocky Fork),39.2237,-83.3592,OCS: SW karst (Rocky Fork/Seven Caves),Highland,Cedarville dolomite,landmark,"White 1926 cave 2: across Rocky Fork gorge opposite Cave Run; ~75 ft; best-preserved marble travertine. Named for Andrew Ellison (Daniel Boone contemporary)."
Marble Cave (Rocky Fork),39.2231,-83.3606,OCS: SW karst (Rocky Fork/Seven Caves),Highland,Cedarville dolomite,landmark,"White 1926 cave 3: S side of Rocky Fork ~100 yd W of Cave Run; thick travertine. WUSS re-survey ~33 m (1982)."
Crescent Cave (McKimmey's Cave),39.2230,-83.3598,OCS: SW karst (Rocky Fork/Seven Caves),Highland,Cedarville dolomite,landmark,"White 1926 cave 4 = McKimmey's Cave (Civil-War bandit hideout) = WUSS McKimie Cave (~70.8 m, 1982). W side of Cave Run, two entrances + cliff walk."
King's Wardrobe Cave,39.2224,-83.3600,OCS: SW karst (Rocky Fork/Seven Caves),Highland,Cedarville dolomite,landmark,"White 1926 cave 5: W side of Cave Run, 50 ft N of Wet Cave; splits then rejoins; named for an inverted-crown stalactite ring."
Buzzard's Glory Cave,39.2218,-83.3599,OCS: SW karst (Rocky Fork/Seven Caves),Highland,Cedarville dolomite,landmark,"White 1926 cave 7: W side of Cave Run, 60 ft N of Dancing; low/wide/damp; a crawl connects to Wet Cave; buzzards nested (the name)."
Dancing Cave (Rocky Fork),39.2217,-83.3601,OCS: SW karst (Rocky Fork/Seven Caves),Highland,Cedarville dolomite,landmark,"White 1926 cave 8: farthest S, W side of Cave Run; vaulted 15-ft entrance, 110 ft SW."
Bear Cave (Rocky Fork),39.2217,-83.3591,OCS: SW karst (Rocky Fork/Seven Caves),Highland,Cedarville dolomite,landmark,"White 1926 cave 9: E side of Cave Run ~200 yd S of Rocky Fork junction; arch entrance; former bear den."
Fox and Coon Cave,39.2233,-83.3594,OCS: SW karst (Rocky Fork/Seven Caves),Highland,Cedarville dolomite,landmark,"White 1926 cave 10: at the Cave Run-Rocky Fork junction; smallest of the group (~20 ft, fish-hook); small-animal den."